-- MySQL dump 10.13  Distrib 8.0.29, for Win64 (x86_64)
--
-- Host: localhost    Database: jajan
-- ------------------------------------------------------
-- Server version	8.0.29

/*!40101 SET @OLD_CHARACTER_SET_CLIENT=@@CHARACTER_SET_CLIENT */;
/*!40101 SET @OLD_CHARACTER_SET_RESULTS=@@CHARACTER_SET_RESULTS */;
/*!40101 SET @OLD_COLLATION_CONNECTION=@@COLLATION_CONNECTION */;
/*!50503 SET NAMES utf8mb4 */;
/*!40103 SET @OLD_TIME_ZONE=@@TIME_ZONE */;
/*!40103 SET TIME_ZONE='+00:00' */;
/*!40014 SET @OLD_UNIQUE_CHECKS=@@UNIQUE_CHECKS, UNIQUE_CHECKS=0 */;
/*!40014 SET @OLD_FOREIGN_KEY_CHECKS=@@FOREIGN_KEY_CHECKS, FOREIGN_KEY_CHECKS=0 */;
/*!40101 SET @OLD_SQL_MODE=@@SQL_MODE, SQL_MODE='NO_AUTO_VALUE_ON_ZERO' */;
/*!40111 SET @OLD_SQL_NOTES=@@SQL_NOTES, SQL_NOTES=0 */;

--
-- Table structure for table `adminaccount`
--

DROP TABLE IF EXISTS `adminaccount`;
/*!40101 SET @saved_cs_client     = @@character_set_client */;
/*!50503 SET character_set_client = utf8mb4 */;
CREATE TABLE `adminaccount` (
  `admincode` int NOT NULL AUTO_INCREMENT,
  `loginid` varchar(16) NOT NULL,
  `password` varchar(16) NOT NULL,
  `adminname` varchar(16) NOT NULL,
  `createdate` datetime NOT NULL DEFAULT CURRENT_TIMESTAMP,
  `accountstatusflag` tinyint(1) NOT NULL,
  PRIMARY KEY (`admincode`),
  UNIQUE KEY `admincode` (`admincode`),
  UNIQUE KEY `loginid` (`loginid`),
  UNIQUE KEY `adminname` (`adminname`)
) ENGINE=InnoDB AUTO_INCREMENT=151 DEFAULT CHARSET=utf8mb4 COLLATE=utf8mb4_0900_ai_ci;
/*!40101 SET character_set_client = @saved_cs_client */;

--
-- Dumping data for table `adminaccount`
--

LOCK TABLES `adminaccount` WRITE;
/*!40000 ALTER TABLE `adminaccount` DISABLE KEYS */;
INSERT INTO `adminaccount` VALUES (1,'admin01','password','まぁくん','2025-04-16 12:03:14',1),(7,'admin0010','password','くま','2025-04-23 10:03:08',1),(8,'hiranoda','password','hiranoda','2025-04-24 13:55:49',1),(10,'miyatasan','password','miyata','2025-04-24 14:33:11',1),(30,'CasvalRemDeikun','password','赤い彗星','2025-04-28 09:54:47',1),(32,'adminuser','password','白い悪魔','2025-04-28 10:23:44',1),(47,'koyasutaito','password','鏡の中の私','2025-05-13 11:16:41',1),(48,'admin0101','password','管理者0101','2025-05-14 11:00:37',1),(49,'admin0102','password','管理者0102','2025-05-14 11:01:58',1),(50,'admin0103','password','管理者0103','2025-05-14 11:01:58',1),(51,'admin0104','password','管理者0104','2025-05-14 11:01:58',1),(52,'admin0105','password','管理者0105','2025-05-14 11:01:58',1),(53,'admin0106','password','管理者0106','2025-05-14 11:01:58',1),(54,'admin0107','password','管理者0107','2025-05-14 11:01:58',1),(55,'admin0108','password','管理者0108','2025-05-14 11:01:58',1),(56,'admin0109','password','管理者0109','2025-05-14 11:01:58',1),(57,'admin0110','password','管理者0110','2025-05-14 11:01:58',1),(58,'admin0111','password','管理者0111','2025-05-14 11:01:58',1),(59,'admin0112','password','管理者0112','2025-05-14 11:01:58',1),(60,'admin0113','password','管理者0113','2025-05-14 11:01:58',1),(61,'admin0114','password','管理者0114','2025-05-14 11:01:58',1),(62,'admin0115','password','管理者0115','2025-05-14 11:01:58',1),(63,'admin0116','password','管理者0116','2025-05-14 11:01:58',1),(64,'admin0117','password','管理者0117','2025-05-14 11:01:58',1),(65,'admin0118','password','管理者0118','2025-05-14 11:01:58',1),(66,'admin0119','password','管理者0119','2025-05-14 11:01:58',1),(67,'admin0120','password','管理者0120','2025-05-14 11:01:58',1),(68,'admin0121','password','管理者0121','2025-05-14 11:01:58',1),(69,'admin0122','password','管理者0122','2025-05-14 11:01:58',1),(70,'admin0123','password','管理者0123','2025-05-14 11:01:58',1),(71,'admin0124','password','管理者0124','2025-05-14 11:01:58',1),(72,'admin0125','password','管理者0125','2025-05-14 11:01:58',1),(73,'admin0126','password','管理者0126','2025-05-14 11:01:58',1),(74,'admin0127','password','管理者0127','2025-05-14 11:01:58',1),(75,'admin0128','password','管理者0128','2025-05-14 11:01:58',1),(76,'admin0129','password','管理者0129','2025-05-14 11:01:58',1),(77,'admin0130','password','管理者0130','2025-05-14 11:01:58',1),(78,'admin0131','password','管理者0131','2025-05-14 11:01:58',1),(79,'admin0132','password','管理者0132','2025-05-14 11:01:58',1),(80,'admin0133','password','管理者0133','2025-05-14 11:01:58',1),(81,'admin0134','password','管理者0134','2025-05-14 11:01:58',1),(82,'admin0135','password','管理者0135','2025-05-14 11:01:58',1),(83,'admin0136','password','管理者0136','2025-05-14 11:01:58',1),(84,'admin0137','password','管理者0137','2025-05-14 11:01:58',1),(85,'admin0138','password','管理者0138','2025-05-14 11:01:58',1),(86,'admin0139','password','管理者0139','2025-05-14 11:01:58',1),(87,'admin0140','password','管理者0140','2025-05-14 11:01:58',1),(88,'admin0141','password','管理者0141','2025-05-14 11:01:58',1),(89,'admin0142','password','管理者0142','2025-05-14 11:01:58',1),(90,'admin0143','password','管理者0143','2025-05-14 11:01:58',1),(91,'admin0144','password','管理者0144','2025-05-14 11:01:58',1),(92,'admin0145','password','管理者0145','2025-05-14 11:01:58',1),(93,'admin0146','password','管理者0146','2025-05-14 11:01:58',1),(94,'admin0147','password','管理者0147','2025-05-14 11:01:58',1),(95,'admin0148','password','管理者0148','2025-05-14 11:01:58',1),(96,'admin0149','password','管理者0149','2025-05-14 11:01:58',1),(97,'admin0150','password','管理者0150','2025-05-14 11:01:58',1),(98,'admin0401','password','管理者0401','2025-05-14 11:04:50',1),(99,'admin0402','password','管理者0402','2025-05-14 11:04:50',1),(100,'admin0403','password','管理者0403','2025-05-14 11:04:50',1),(101,'admin0404','password','管理者0404','2025-05-14 11:04:50',1),(102,'admin0405','password','管理者0405','2025-05-14 11:04:50',1),(103,'admin0406','password','管理者0406','2025-05-14 11:04:50',1),(104,'admin0407','password','管理者0407','2025-05-14 11:04:50',1),(105,'admin0408','password','管理者0408','2025-05-14 11:04:50',1),(106,'admin0409','password','管理者0409','2025-05-14 11:04:50',1),(107,'admin0410','password','管理者0410','2025-05-14 11:04:50',1),(108,'admin0411','password','管理者0411','2025-05-14 11:04:50',1),(109,'admin0412','password','管理者0412','2025-05-14 11:04:50',1),(110,'admin0413','password','管理者0413','2025-05-14 11:04:50',1),(111,'admin0414','password','管理者0414','2025-05-14 11:04:50',1),(112,'admin0415','password','管理者0415','2025-05-14 11:04:50',1),(113,'admin0416','password','管理者0416','2025-05-14 11:04:50',1),(114,'admin0417','password','管理者0417','2025-05-14 11:04:50',1),(115,'admin0418','password','管理者0418','2025-05-14 11:04:50',1),(116,'admin0419','password','管理者0419','2025-05-14 11:04:50',1),(117,'admin0420','password','管理者0420','2025-05-14 11:04:50',1),(118,'admin0421','password','管理者0421','2025-05-14 11:04:50',1),(119,'admin0422','password','管理者0422','2025-05-14 11:04:50',1),(120,'admin0423','password','管理者0423','2025-05-14 11:04:50',1),(121,'admin0424','password','管理者0424','2025-05-14 11:04:50',1),(122,'admin0425','password','管理者0425','2025-05-14 11:04:50',1),(123,'admin0426','password','管理者0426','2025-05-14 11:04:50',1),(124,'admin0427','password','管理者0427','2025-05-14 11:04:50',1),(125,'admin0428','password','管理者0428','2025-05-14 11:04:50',1),(126,'admin0429','password','管理者0429','2025-05-14 11:04:50',1),(127,'admin0430','password','管理者0430','2025-05-14 11:04:50',1),(128,'admin0431','password','管理者0431','2025-05-14 11:04:50',1),(129,'admin0432','password','管理者0432','2025-05-14 11:04:50',1),(130,'admin0433','password','管理者0433','2025-05-14 11:04:50',1),(131,'admin0434','password','管理者0434','2025-05-14 11:04:50',1),(132,'admin0435','password','管理者0435','2025-05-14 11:04:50',1),(133,'admin0436','password','管理者0436','2025-05-14 11:04:50',1),(134,'admin0437','password','管理者0437','2025-05-14 11:04:50',1),(135,'admin0438','password','管理者0438','2025-05-14 11:04:50',1),(136,'admin0439','password','管理者0439','2025-05-14 11:04:50',1),(137,'admin0440','password','管理者0440','2025-05-14 11:04:50',1),(138,'admin0441','password','管理者0441','2025-05-14 11:04:50',1),(139,'admin0442','password','管理者0442','2025-05-14 11:04:50',1),(140,'admin0443','password','管理者0443','2025-05-14 11:04:50',1),(141,'admin0444','password','管理者0444','2025-05-14 11:04:50',1),(142,'admin0445','password','管理者0445','2025-05-14 11:04:50',1),(143,'admin0446','password','管理者0446','2025-05-14 11:04:50',1),(144,'admin0447','password','管理者0447','2025-05-14 11:04:50',1),(145,'admin0448','password','管理者0448','2025-05-14 11:04:50',1),(146,'admin0449','password','管理者0449','2025-05-14 11:04:50',1),(147,'admin0450','password','管理者0450','2025-05-14 11:04:50',1);
/*!40000 ALTER TABLE `adminaccount` ENABLE KEYS */;
UNLOCK TABLES;

--
-- Table structure for table `eventinfo`
--

DROP TABLE IF EXISTS `eventinfo`;
/*!40101 SET @saved_cs_client     = @@character_set_client */;
/*!50503 SET character_set_client = utf8mb4 */;
CREATE TABLE `eventinfo` (
  `eventcode` int NOT NULL AUTO_INCREMENT,
  `eventname` varchar(50) NOT NULL,
  `eventdate` datetime NOT NULL,
  `eventlocation` varchar(50) NOT NULL,
  `image` varchar(255) DEFAULT NULL,
  `eventtext` varchar(500) NOT NULL,
  `eventstatusflag` tinyint(1) NOT NULL,
  `createdate` datetime NOT NULL DEFAULT CURRENT_TIMESTAMP,
  `eventupdate` datetime NOT NULL DEFAULT CURRENT_TIMESTAMP ON UPDATE CURRENT_TIMESTAMP,
  PRIMARY KEY (`eventcode`),
  UNIQUE KEY `eventcode` (`eventcode`)
) ENGINE=InnoDB AUTO_INCREMENT=82 DEFAULT CHARSET=utf8mb4 COLLATE=utf8mb4_0900_ai_ci;
/*!40101 SET character_set_client = @saved_cs_client */;

--
-- Dumping data for table `eventinfo`
--

LOCK TABLES `eventinfo` WRITE;
/*!40000 ALTER TABLE `eventinfo` DISABLE KEYS */;
INSERT INTO `eventinfo` VALUES (3,'お花見in千葉','2025-04-28 09:00:00','千葉公園','/jajan/image/42d1265b-772b-4589-a38a-061997abfac0_sakura.jpg','お花見をするイベントです。',1,'2025-04-24 15:19:13','2025-04-24 15:19:13'),(5,'ビアガーデン','2025-05-01 09:00:00','ふなばしアンデルセン公園','/jajan/image/dfebe25b-98fa-4a5d-abad-daf39f2c9bfb_beer3.jpg','素敵な景観で嗜む至極のひと時。ぜひお楽しみください。',1,'2025-04-25 10:33:29','2025-04-25 10:33:29'),(6,'お見合いイベント','2025-05-16 10:00:00','ららぽーとTOKYO-BAY 西館 フードコート','/jajan/image/b2558ff5-1380-4c00-8ea5-3b43c5694f96_omiai3.jpg','男女の出会い、それは素敵な人生の始まり。\r\n運命の相手が見つかるかも！？',1,'2025-04-25 10:39:05','2025-04-25 10:39:05'),(7,'イースター ~復活祭~','2025-04-20 09:00:00','ゴルゴダの丘','/jajan/image/205a8676-6ddf-4a4a-9289-a8fffe733978_yes.jpg','君も神にならないか？',1,'2025-04-25 10:57:41','2025-04-25 10:57:41'),(9,'オリンピック2036 ','2036-06-25 09:00:00','中山競馬場','/jajan/image/d75b2875-3f8c-4be6-bbef-8d8a7abc3582_race.jpg','世界最速が決まる瞬間、あなたは歴史の目撃者となる。',1,'2025-04-25 11:07:46','2025-04-25 11:07:46'),(10,'法華の光 〜法華経奉読の夕べ〜','2025-08-02 10:00:00','鬼子母神堂','/jajan/image/cab942e0-b608-47c4-a997-7352606de9c5_hoke2.jpeg','ほ～ほけきょう。',1,'2025-04-25 11:23:58','2025-04-25 11:23:58'),(11,'肉フェス','2029-02-09 02:09:00','成田ゆめ牧場','/jajan/image/5835b102-1b60-4c60-b47e-9a533864f123_meat.jpg','採れたて新鮮極上のお肉をご賞味あれ。',1,'2025-04-25 11:28:57','2025-04-25 11:28:57'),(12,'牛祭り','2025-04-25 12:00:00','ポリテクセンター','/jajan/image/e62b33c2-6f01-403d-9c7b-979f9cee3faa_11303-006.jpg','牛を追いかけよう！！',1,'2025-04-25 12:45:44','2025-04-25 12:45:44'),(13,'世界最長！ドミノ倒し！','2025-05-10 13:00:00','東京湾アクアブリッジ','/jajan/image/f8f1a28c-7dbc-4042-bf82-612b62495230_domino.jpg','千葉の中島から川崎区民健康の森までをつなぐ壮絶ドミノ倒しを実施します。\r\n人の将棋倒しにはご注意を！！',1,'2025-04-25 13:14:58','2025-04-25 13:14:58'),(14,'自己啓発セミナー','2025-05-25 13:15:00','株式会社フューチャー・シンク　12階　大会議室','/jajan/image/7d2747bb-86c2-46b1-a966-29460edcbf6f_keihatsu.jpg','公益財団法人 新地球共栄会が、あなたの潜在意識に眠る「∞の可能性」を引き出します。\r\n「自己という幻想を破壊する」\r\nワーク：鏡の前で自分に「ありがとう」と100回唱える\r\nミニ講義：“エゴの檻”からの脱出法\r\n【特典】\r\n参加者にはもれなく「DNA活性化ペンダント（非売品）」をプレゼント！',1,'2025-04-25 13:23:02','2025-04-25 13:23:02'),(15,'一次リリース','2025-04-28 10:00:00','ポリテクセンター千葉','/jajan/image/e67d5258-cae4-4b70-ad89-7e927332f5ed_猫.jpg','納期に追われ、地獄のデスマーチ（定時上がり）を乗り越えたR7,1月生24名。飛び交う教師からの怒号、泣き叫ぶ1月生、阿鼻叫喚の中一人の教師が言った。\r\n「仕様変更だ。」その瞬間、24名の時が一斉に止まった・・・',1,'2025-04-25 13:26:26','2025-04-25 13:26:26'),(17,'トマト祭り','2025-04-26 12:00:00','千葉公園','/jajan/image/65bac868-138d-412a-95cf-002166f74f34_tomatina_3_620x415.jpg','トマトぶつけ合おう',1,'2025-04-25 14:09:21','2025-04-25 14:09:21'),(18,'ひな祭り','2025-04-26 14:37:00','ポリテク千葉','/jajan/image/3b83dc92-4422-4cca-9e89-b12cc3329a04_裸.jpg','裸でやります',1,'2025-04-25 14:38:19','2025-04-25 14:38:19'),(23,'GWスペシャルセール','2025-05-01 09:59:00','千葉駅','/jajan/image/68905f71-c2a0-4dcf-8234-2f559693f71e_うれしい.jpg','安いよ安いよ',1,'2025-05-08 10:00:25','2025-05-08 10:00:25'),(26,'こいのぼりまつり','2025-05-05 13:19:00','こいのぼり公園','/jajan/image/6c229137-c1c1-49f3-8429-ec56cba65a6e_kimono.jpg','こいをのぼります。',1,'2025-05-12 13:20:06','2025-05-12 13:20:06'),(29,'海祭り','2025-08-13 10:37:00','館山市南房総国定公園','/jajan/image/03505c18-82f0-4c69-ac54-51964e124090_うれしい.jpg','海水浴を楽しもう',1,'2025-05-13 10:42:02','2025-05-13 10:42:02'),(30,'誕生日ハッピーバースデー','1994-12-07 20:20:00','千葉','/jajan/image/10fb2a38-eb55-4a8e-bc51-19731799e2a3_裸.jpg','こんにちは',1,'2025-05-13 11:21:05','2025-05-13 11:21:05'),(31,'模擬宇宙疑似体験会','2503-12-24 18:00:00','宇宙ステーションヘルタ','/jajan/image/bb847dac-cdb8-4868-b37a-729f2ad74ce9_ココットさん.png','ようこそ宇宙ステーションヘルタへ',1,'2025-05-13 11:23:01','2025-05-13 11:23:01'),(38,'平野まつり','2025-05-14 10:42:00','千葉駅','/jajan/image/ecf70f9e-a04b-4fbd-b192-816d0f5c1127_animal_panda_cheerleader.png','平野をまつります。',1,'2025-05-14 10:42:41','2025-05-14 10:42:41'),(39,'センテンススプリング！！','2025-05-17 13:00:00','ポリテクセンター千葉','/jajan/image/c1bd7628-dd44-4633-a561-be75e9951901_uUzvQ3lML_bkIqyakc1vFhNrRI0RUQxg5aFkrX0xDg1_T0wXrbEJjtNGtrf1o9y3WLhq2Fm8IpUNGEsulTjpnDzJTV8GLkjK9LqklVowVuegnehvzn-ETqDyyw3Z3siQtydYm1qZox8ybVsMO-DC0LfqOiCNYWxklPaE71pvzG-idH8snj-L0tqj6BgBk1Q2.jpg','永野芽郁＆田中圭、親密LINE暴露で思い出される「センテンススプリング」\r\n座談会を予定しております。',1,'2025-05-14 13:10:06','2025-05-14 13:10:06'),(40,'ねぎ星人','0444-04-04 04:04:00','部屋','/jajan/image/a9b281f8-fac4-406b-a728-76b8b44cd58a_GANTZ.jpg','ねぎだけでじゅうぶんですよ!',1,'2025-05-15 14:24:15','2025-05-15 14:24:15'),(41,'アンドロイドに自由を！アンドロイドに自由を！アンドロイドに自由を！アンドロイドに自由を！アンドロイド','2025-05-01 14:27:00','アンドロイドに自由を！アンドロイドに自由を！アンドロイドに自由を！アンドロイドに自由を！アンドロイド','/jajan/image/noImage.jpg','アンドロイドに自由を！アンドロイドに自由を！アンドロイドに自由を！アンドロイドに自由を！アンドロイドに自由を！アンドロイドに自由を！アンドロイドに自由を！アンドロイドに自由を！アンドロイドに自由を！アンドロイドに自由を！アンドロイドに自由を！アンドロイドに自由を！アンドロイドに自由を！アンドロイドに自由を！アンドロイドに自由を！アンドロイドに自由を！アンドロイドに自由を！アンドロイドに自由を！アンドロイドに自由を！アンドロイドに自由を！アンドロイドに自由を！アンドロイドに自由を！アンドロイドに自由を！アンドロイドに自由を！アンドロイドに自由を！アンドロイドに自由を！アンドロイドに自由を！アンドロイドに自由を！アンドロイドに自由を！アンドロイドに自由を！アンドロイドに自由を！アンドロイドに自由を！アンドロイドに自由を！アンドロイドに自由を！アンドロイドに自由を！アンドロイドに自由を！アンドロイドに自由を！アンドロイドに自由を！アンドロイドに自由を！アンドロイドに自由を！アンドロイドに自由を！アンドロイドに自由を！アンドロイドに自由を！アンドロイドに自由を！アンドロイドに自由を！アンドロイ',1,'2025-05-15 14:28:09','2025-05-15 14:28:09'),(42,'埼玉わっしょい','2025-05-15 14:26:00','千葉市','/jajan/image/938c3b46-7d2b-444d-866f-a49f4bc7994e_翔んで埼玉.jpg','千葉県にいながらこっそり埼玉の話題で盛り上がりましょう',1,'2025-05-15 14:28:18','2025-05-15 14:28:18'),(43,'java体験会','2025-05-15 14:26:00','public static void main','/jajan/image/1d1f6bdf-285b-4494-911d-a571e9e1c39c_thinking.gif','new java.util.Scanner(System.in).nextInt();',1,'2025-05-15 14:30:25','2025-05-15 14:30:25'),(44,'ウェーブ','2025-05-15 14:31:00','うみ','/jajan/image/c6bc0177-2845-40e4-aeb8-cc108af7dc38_wave_nami1.png','うみですね',1,'2025-05-15 14:31:49','2025-05-15 14:31:49'),(45,'03aaaaaa','2025-05-15 14:32:00','aaaaaaaa','/jajan/image/2ca3d038-ec56-4a31-aa96-6f1b026db9d7_bluebird_fired.png','aaaaaaaaaa',1,'2025-05-15 14:32:51','2025-05-15 14:32:51'),(46,' ^^) _旦~~','2025-05-16 14:32:00','自宅','/jajan/image/82d786d7-8370-4a73-aba9-22e3130d09c4_futon_derenai_woman.png','オンライン授業',1,'2025-05-15 14:32:56','2025-05-15 14:32:56'),(47,'罵倒祭り','2025-10-31 14:32:00','ポリテクセンター千葉','/jajan/image/9b45e502-43ae-4f73-a3f3-989b5eed9457_室内10.jpg','お互いに罵詈雑言をあびせ合う最高のお祭り、普段言えない心の内をこの機にぶちまけ合おう。ストレス発散にどうぞ！',1,'2025-05-15 14:32:59','2025-05-15 14:32:59'),(48,'さくらまつり','2025-05-15 14:32:00','もばら','/jajan/image/0e3264b3-94e6-405e-87c6-52137334dc4f_アンドロメダ銀河.jpg','もうおわりました',1,'2025-05-15 14:33:07','2025-05-15 14:33:07'),(49,'stay home','2025-05-06 14:00:00','自宅','/jajan/image/88450c16-1ee5-4a5d-9851-4c04e1685808_amabie_stay_home.png','自分の好きなものを持ち寄って一旦stay',1,'2025-05-15 14:33:11','2025-05-15 14:33:11'),(50,'できるかな','2025-05-31 14:32:00','海辺','/jajan/image/f932d20c-e8f4-49a8-91db-e1e74300a405_fish_manbou_mola_yoko.png','なにかしらやる',1,'2025-05-15 14:33:30','2025-05-15 14:33:30'),(51,'aaaaa','2025-05-15 14:32:00','aaaaaaaaaaaaaaaaaaa','/jajan/image/04599c4a-f6a3-4ec6-9646-e818fb0ab6de_裸.jpg','aaaaaaaaaaaaaaaaaaaaaaaaaa',1,'2025-05-15 14:33:33','2025-05-15 14:33:33'),(52,'○○展','2025-05-16 15:30:00','稲毛駅','/jajan/image/d072d9e7-cbe1-4047-90ad-bd1c25e23721_tokyo_2021.png','楽しみましょう',1,'2025-05-15 14:33:40','2025-05-15 14:33:40'),(53,'落穂拾い','2025-05-15 14:33:00','ポリテクセンター千葉','/jajan/image/a9845664-3c21-4bf2-9884-a6970a1f0286_futon_derenai_woman.png','どうも',1,'2025-05-15 14:33:51','2025-05-15 14:33:51'),(54,'バルス祭り','2025-05-15 14:32:00','033教室','/jajan/image/653e6711-7d36-436f-b3a3-85976014de9a_1c5hOgL7valKXYDnbtMEmVlLU6Hcazgrv5ln9jEy.jpg','人がごみのようだ・・\r\n\r\n\r\nバルス！！',1,'2025-05-15 14:34:07','2025-05-15 14:34:07'),(55,'bigwave','2025-05-15 14:32:00','そこ','/jajan/image/ba64093c-e3da-4565-83cd-883aa5852a86_bigwave.jpg','bigwave',1,'2025-05-15 14:34:17','2025-05-15 14:34:17'),(56,'ポリテク合宿','2025-02-06 14:33:00','ポリテクセンター千葉','/jajan/image/2b84cc20-8dab-49bc-aab0-a7ac3885c281_室内8.jpg','ポリテクセンター千葉で1泊2日の合宿',1,'2025-05-15 14:34:23','2025-05-15 14:34:23'),(57,'ヤドンパラダイス','2025-08-10 08:10:00','香川県各所','/jajan/image/2175c95e-57c9-44ea-b4cc-628de0f81cf8_yadon_01_cs1w1_950x600.jpg','スタンプラリーがあるよ',1,'2025-05-15 14:34:23','2025-05-15 14:34:23'),(58,'担任面談～橋本先生、優しくちて...～','2025-05-16 14:32:00','ポリテクセンター千葉本館4F某所','/jajan/image/df63010a-779d-42d8-8ec7-4180548a8554_アンドロメダ銀河.jpg','ジョブカードの内容を激詰めされると話題（※嘘）の強制体験型イベントです。',1,'2025-05-15 14:34:24','2025-05-15 14:34:24'),(59,'ドローンやりませんか？','2025-05-07 14:32:00','千葉県','/jajan/image/4eb9257b-111f-43e7-a895-63c83073e7d6_tokyo_2021.png','最新機器を使ってドローンの空撮体験',1,'2025-05-15 14:34:30','2025-05-15 14:34:30'),(60,'Twitterの鳥解雇記念日','2025-07-24 14:33:00','アメリカ','/jajan/image/102be904-918e-4448-b753-9e601d13340c_bluebird_fired.png','イーロンにより首となりニートになった鳥を鑑賞する会',1,'2025-05-15 14:34:31','2025-05-15 14:34:31'),(61,'インスマス祭り','2025-05-16 14:34:00','千葉県夜島岬灯台　治外法権','/jajan/image/1f0b1c51-1f4c-4f2d-ada9-26d3659abce6_アンドロメダ銀河.jpg','いあいあくとぅるふふたぐん',1,'2025-05-15 14:34:36','2025-05-15 14:34:36'),(62,'(){}@../*++','2025-05-05 14:33:00','羅浮','/jajan/image/f61cb439-2eec-46cb-bb72-e3ec77e252f9_5.png','あああ',1,'2025-05-15 14:34:37','2025-05-15 14:34:37'),(63,'ああ','2025-05-15 14:34:00','あああ','/jajan/image/b1ce8e33-1e3c-4cc4-adfd-392efb20d4ed_ホラー.jpg','あああ',1,'2025-05-15 14:34:46','2025-05-15 14:34:46'),(64,' 総合政策実習発表会','2025-05-15 14:32:00','ポリテクセンター千葉','/jajan/image/ee0074ac-015a-4657-97cf-655baff2eb91_amabie_stay_home.png','昼休みの時間がズレて現金販売の弁当が買えませんでした ',1,'2025-05-15 14:34:47','2025-05-15 14:34:47'),(65,'大トロ祭り','2222-02-22 02:22:00','日本','/jajan/image/5c14826f-fb21-4b55-90d7-37e6bff89990_ホラー.jpg','大トロおいしーよー',1,'2025-05-15 14:34:48','2025-05-15 14:34:48'),(66,'ライブ','2025-05-24 14:33:00','仙台','/jajan/image/b96847e6-3ce6-45e6-9a54-2e57ee454292_movie_liveviewing_man.png','アイドルグループのライブ',1,'2025-05-15 14:34:49','2025-05-15 14:34:49'),(67,'釣り大会','2025-05-28 04:00:00','群馬県　奥地','/jajan/image/98151e0e-dc91-43e2-858e-cf1073bd8e04_wave_nami1.png','伝説の巨大魚を追え！',1,'2025-05-15 14:34:50','2025-05-15 14:34:50'),(68,'生誕祭２０２５','2025-05-29 14:32:00','国立博物館','/jajan/image/2d702c98-ff03-482a-9799-751509a59474_スクリーンショット (4).png','お誕生日おめでとうございます！',1,'2025-05-15 14:34:59','2025-05-15 14:34:59'),(69,'宇宙ステーションヘルタ見学ツアー','2025-05-15 14:31:00','宇宙ステーションヘルタ','/jajan/image/f76b719b-649a-46b4-8c2c-d04e9ec9d8da_アンドロメダ銀河.jpg','マダムヘルタに会いたい',1,'2025-05-15 14:35:05','2025-05-15 14:35:05'),(70,'花火大会2025','2025-08-02 19:30:00','九十九里浜','/jajan/image/0eaec39f-7efa-4839-b7fd-fb971558ad92_wave_nami1.png','今年もやります！',1,'2025-05-15 14:35:12','2025-05-15 14:35:12'),(71,'2025年度異界送り','2025-05-15 19:00:00','羽生蛇村','/jajan/image/79be07c9-2080-45b0-8cb4-95d807758eaa_23503433_p0_square1200.jpg','眞魚教の奇祭',1,'2025-05-15 14:35:35','2025-05-15 14:35:35'),(72,'月に代わって仕置き','2025-11-11 20:00:00','地球','/jajan/image/9aa36b2d-c79f-407c-a289-8e36cffd0667_SF.jpg','月と交代して仕置きをしていただきます。\r\n服装：セーラー服',1,'2025-05-15 14:35:41','2025-05-15 14:35:41'),(73,'夢の中','2025-05-16 14:35:00','夢の中','/jajan/image/be85830a-6939-4bab-a1f8-5a9ed702a1cd_インセプション.jpg','夢の中',1,'2025-05-15 14:35:45','2025-05-15 14:35:45'),(74,'マクベ　壺祭り','2025-05-15 14:35:00','033教室','/jajan/image/99bda526-80f2-4a57-866b-5873ae2535f2_20180326192327.jpg','あの壺はいいものだ・・・',1,'2025-05-15 14:36:42','2025-05-15 14:36:42'),(75,'井田端会議','2025-08-22 19:33:00','ポリテクセンター千葉','/jajan/image/976b7656-5dd9-4053-97e5-d337cba8fbf3_sweets_kurimanju.png','埼玉名物十万石まんじゅうを千葉で食すイベント',1,'2025-05-15 14:37:10','2025-05-15 14:37:10'),(76,'ゴミ集め','2025-05-15 00:00:00','ドリームリーフ','/jajan/image/7e14a00f-b5c7-46c2-bb21-cd402954f293_space_rocket.png','夢境のゴミを集めて自分だけのゴミ箱を作ろう！',1,'2025-05-15 14:37:15','2025-05-15 14:37:15'),(77,'地下生活','2025-05-24 14:34:00','地中なら何処でも','/jajan/image/b7e4765b-c54b-4dff-b8c9-c42b2fe924b3_ファンタジー.jpg','埋まっている',1,'2025-05-15 14:38:13','2025-05-15 14:38:13'),(78,'PolyFes2025','2025-08-01 09:00:00','ポリテクセンター千葉','/jajan/image/687d184a-ea89-47c7-a565-cdb5f0cd0966_fess2025.png','ポリテクセンター千葉で開催される就職festival',1,'2025-05-15 14:38:27','2025-05-15 14:38:27'),(79,'オリジナルおにぎり即売会','2025-05-16 14:00:00','polytech center','/jajan/image/e6d2199b-16b4-40d9-a38a-0e2cbf7a5cec_pop_wadai_net.png','訓練生が知恵を絞って開発したオリジナルおにぎりを限定販売。\r\n売切れ御免！！',1,'2025-05-15 14:38:54','2025-05-15 14:38:54'),(80,'ポリテク凡祭','2025-08-10 14:38:00','ぽりてく千葉','/jajan/image/944657de-00e5-4eb8-bff7-c7942b49bffa_スクリーンショット (7).png','この日同番組では、元タレントの中居正広氏の代理人弁護士が、フジテレビの第三者委員会の報告書について反論した件を取り上げた。コメンテーターとして出演していたバービーは、中居側の反論に関して「すごくびっくりしたしガッカリした」と発言したのだ。さらに、「性暴力って、ただの暴力だったり、強制力があるセクシャルな行為と思っている人もいるかもしれないが、私自身は同意があるかないか、そこが争点だと思っていた」と話した。\r\n\r\n「中居氏側は、『本件には、「性暴力」という日本語から一般的に想起される暴力的または強制的な性的行為の実態は確認されませんでした』としています。これは、性行為はあったが、暴力行為はなかったという認識だということでしょう。一方でバービーさんは、被害女性がPTSDを訴えている時点で、その性行為は不同意であったと解釈しているんでしょう」（芸能担当記者）',1,'2025-05-15 14:39:29','2025-05-15 14:39:29'),(81,'astah祭り','2025-05-15 14:39:00','ポリテクセンター','/jajan/image/4c17c203-0d97-4586-aa49-cea322b4d551_astah-professional-img01-dk.png','総合制作の最初の祭り',1,'2025-05-15 14:44:37','2025-05-15 14:44:37');
/*!40000 ALTER TABLE `eventinfo` ENABLE KEYS */;
UNLOCK TABLES;

--
-- Table structure for table `reviewinfo`
--

DROP TABLE IF EXISTS `reviewinfo`;
/*!40101 SET @saved_cs_client     = @@character_set_client */;
/*!50503 SET character_set_client = utf8mb4 */;
CREATE TABLE `reviewinfo` (
  `reviewcode` int NOT NULL AUTO_INCREMENT,
  `eventcode` int NOT NULL,
  `usercode` int NOT NULL,
  `reviewtext` varchar(140) NOT NULL,
  `createdate` datetime NOT NULL DEFAULT CURRENT_TIMESTAMP,
  `reviewupdate` datetime NOT NULL DEFAULT CURRENT_TIMESTAMP ON UPDATE CURRENT_TIMESTAMP,
  `reviewstatusflag` tinyint(1) NOT NULL,
  PRIMARY KEY (`reviewcode`),
  UNIQUE KEY `reviewcode` (`reviewcode`)
) ENGINE=InnoDB AUTO_INCREMENT=267 DEFAULT CHARSET=utf8mb4 COLLATE=utf8mb4_0900_ai_ci;
/*!40101 SET character_set_client = @saved_cs_client */;

--
-- Dumping data for table `reviewinfo`
--

LOCK TABLES `reviewinfo` WRITE;
/*!40000 ALTER TABLE `reviewinfo` DISABLE KEYS */;
INSERT INTO `reviewinfo` VALUES (1,1,1,'口コミ更新しました','2025-04-18 09:49:11','2025-04-18 09:52:31',1),(2,1,2,'まぁまぁでした。','2025-04-18 09:50:45','2025-04-18 09:50:45',1),(3,2,1,'また来たいです','2025-04-18 09:50:50','2025-04-18 09:50:50',1),(4,2,2,'☆三つです','2025-04-18 09:50:55','2025-04-18 09:50:55',1),(5,2,2,'美味しかった','2025-04-22 13:43:29','2025-04-22 13:43:29',1),(6,2,2,'美味しかった','2025-04-22 13:46:08','2025-04-22 13:46:08',1),(7,2,2,'もう一回行ったけど美味しかったよ！','2025-04-22 13:48:12','2025-04-22 13:48:12',1),(8,2,2,'さらさらうまい！！！！！！！','2025-04-22 13:49:53','2025-04-22 13:49:53',1),(9,3,2,'面白かった！！','2025-04-22 15:23:03','2025-04-22 15:23:03',1),(10,2,2,'とってもおいしいな','2025-04-22 15:46:02','2025-04-22 15:46:02',1),(11,5,2,'食中毒になりました。(´・ω・`)','2025-04-22 15:46:33','2025-04-22 15:46:33',1),(12,2,2,'unti','2025-04-24 10:32:02','2025-04-24 10:32:02',1),(13,2,63,'おいしかったです\r\n','2025-04-24 11:57:59','2025-04-24 11:57:59',1),(14,2,63,'','2025-04-24 11:59:52','2025-04-24 11:59:52',1),(16,2,97,'様子を見に来ました','2025-04-24 15:14:49','2025-04-24 15:14:49',1),(17,2,100,'様子を見に来ました','2025-04-24 15:15:01','2025-04-24 15:15:01',1),(18,1,100,'様子を見に来ました','2025-04-24 15:15:09','2025-04-24 15:15:09',1),(19,100,97,'','2025-04-24 15:15:38','2025-04-24 15:15:38',1),(20,100,9999999,'','2025-04-24 15:15:48','2025-04-24 15:15:48',1),(21,100,9999999,'GETリクエストで送信するのはやめておいたほうが良いですよ','2025-04-24 15:16:12','2025-04-24 15:16:12',1),(22,1,96,'これです\r\n','2025-04-24 15:49:08','2025-04-24 15:49:08',1),(23,1,37,'','2025-04-25 09:10:41','2025-04-28 11:02:02',1),(24,1,37,'よかった！！！','2025-04-25 09:14:48','2025-04-28 11:02:02',1),(25,3,37,'メッセージを入力したよ。','2025-04-25 09:44:19','2025-04-28 11:02:02',1),(26,3,94,'','2025-04-25 10:30:28','2025-04-25 10:30:28',1),(27,3,94,'','2025-04-25 11:02:42','2025-04-25 11:02:42',1),(28,3,94,'','2025-04-25 11:03:53','2025-04-25 11:03:53',1),(29,3,94,'','2025-04-25 11:04:16','2025-04-25 11:04:16',1),(30,3,94,'','2025-04-25 11:04:17','2025-04-25 11:04:17',1),(31,3,94,'','2025-04-25 11:04:17','2025-04-25 11:04:17',1),(32,3,94,'','2025-04-25 11:04:17','2025-04-25 11:04:17',1),(33,3,94,'','2025-04-25 11:04:17','2025-04-25 11:04:17',1),(34,3,94,'','2025-04-25 11:04:17','2025-04-25 11:04:17',1),(35,3,94,'','2025-04-25 11:04:17','2025-04-25 11:04:17',1),(36,3,94,'','2025-04-25 11:04:18','2025-04-25 11:04:18',1),(37,3,94,'','2025-04-25 11:04:18','2025-04-25 11:04:18',1),(38,3,94,'','2025-04-25 11:04:18','2025-04-25 11:04:18',1),(39,3,35,'お花見いいよ','2025-04-25 11:06:46','2025-04-25 11:06:46',1),(40,3,27,'お花がきれいでした。','2025-04-25 11:07:28','2025-04-25 11:07:28',1),(41,5,103,'ビールうめー','2025-04-25 11:10:08','2025-04-25 11:10:08',1),(42,5,103,'朝日すーぱーどらぁいいい','2025-04-25 11:11:28','2025-04-25 11:11:28',1),(43,5,103,'すーぱーどらぁいいい！！！！','2025-04-25 11:12:39','2025-04-25 11:12:39',1),(44,3,0,'test','2025-04-25 12:49:19','2025-04-25 12:49:19',1),(45,3,0,'testtest','2025-04-25 12:49:47','2025-04-25 12:49:47',1),(46,9,121,'ｺﾒﾝﾄﾓｲﾁﾊﾞﾝﾍﾍ','2025-04-25 13:09:06','2025-04-25 13:09:06',1),(47,3,121,'ﾊﾞｼｮﾄﾘﾓｲﾁﾊﾞﾝﾍﾍ','2025-04-25 13:10:09','2025-04-25 13:10:09',1),(48,10,109,'スーパーマン！！三条！！','2025-04-25 13:26:03','2025-04-25 13:26:03',1),(49,7,109,'スーパーマン参上！！！','2025-04-25 13:29:15','2025-04-25 13:29:15',1),(50,4,132,'私は噂を信じません','2025-04-25 14:33:54','2025-04-25 14:33:54',1),(52,12,109,'スーパー！！！','2025-04-25 16:37:01','2025-04-25 16:37:01',1),(55,6,37,'素晴らしい価値のあるツボを取引できてよかったです~~','2025-04-28 10:49:30','2025-04-28 11:02:02',1),(56,7,37,'金粉塗りすぎじゃね？','2025-04-28 10:50:17','2025-04-28 11:02:02',1),(57,11,37,'牛さんを食べるのはよくありません。\r\n野菜を食べるべきです。','2025-04-28 10:52:10','2025-04-28 11:02:02',1),(58,12,37,'牛さんを追いかけるのはよくありません。\r\n野菜を追いかけるべきです。','2025-04-28 10:54:15','2025-04-28 11:02:02',1),(59,14,37,'鏡の前で「ありがとう」を100回唱えるワーク、最初は照れましたが、次第に心が温かくなり涙が出ました。\r\n自分を許す大切さに気づけた貴重な時間でした。DNA活性化ペンダントもお気に入りです！','2025-04-28 10:56:32','2025-04-28 11:02:02',1),(60,14,10,'鏡に向かって「ありがとう」を100回唱えるワークに参加したが、正直あまり効果は感じられなかった。自分には合わない手法だったのかもしれない。','2025-04-28 10:57:22','2025-04-28 11:02:42',1),(61,4,141,'こんにちわ','2025-04-28 11:22:44','2025-04-28 11:22:44',1),(62,15,35,'地獄だった','2025-04-28 14:22:44','2025-04-28 14:22:44',1),(63,15,35,'地獄だった','2025-04-28 14:24:08','2025-04-28 14:24:08',1),(64,15,35,'地獄だった','2025-04-28 14:27:18','2025-04-28 14:27:18',1),(66,15,35,'イベント横行','2025-04-28 14:30:16','2025-04-28 14:30:16',1),(67,3,37,'GWたのしかった！','2025-05-08 09:56:03','2025-05-08 09:56:03',1),(79,4,164,'楽しかったです','2025-05-12 11:28:45','2025-05-12 11:28:45',1),(80,25,37,'ぼく餃子だーいすき。','2025-05-12 11:31:02','2025-05-12 11:31:02',1),(81,3,168,'いえーい','2025-05-12 13:10:08','2025-05-12 13:10:08',1),(87,3,35,'とってもおいしい','2025-05-12 15:05:15','2025-05-12 15:05:15',1),(88,26,37,'楽しかった！！','2025-05-12 15:14:55','2025-05-12 15:14:55',1),(89,3,140,'<a href=\"https://www.amazon.co.jp/ref=as_li_ss_tl?ie=UTF8&linkCode=ll2&tag=jajp-edge-ntp-topsites-22\" > ','2025-05-12 15:18:26','2025-05-12 15:18:26',1),(90,3,140,'https://www.amazon.co.jp/ref=as_li_ss_tl?ie=UTF8&linkCode=ll2&tag=jajp-edge-ntp-topsites-22','2025-05-12 15:20:17','2025-05-12 15:20:17',1),(91,3,140,'ああああああああああああああああああああああああああああああああああああああああああああああああああああああ','2025-05-12 15:47:11','2025-05-12 15:47:11',1),(93,9,177,'ゲームはないの？それなら優勝してやるのに','2025-05-13 11:11:44','2025-05-13 11:11:44',1),(94,3,174,'へっぉ','2025-05-13 11:11:50','2025-05-13 11:11:50',1),(95,3,180,'<script>alert(見ています)</script>','2025-05-13 11:16:17','2025-05-13 11:16:17',1),(96,3,140,'あああ','2025-05-13 15:07:34','2025-05-13 15:07:34',1),(97,7,35,'磔にされてかわいそう','2025-05-14 10:13:46','2025-05-14 10:13:46',1),(98,38,35,'われを あがめよ！ われをたたえよ！','2025-05-14 11:14:51','2025-05-14 11:14:51',1),(99,5,182,'アサヒスーパーどぅるぁあああああい！！！','2025-05-14 11:16:35','2025-05-14 11:16:35',1),(100,4,182,'SMAP参戦は熱かった！！','2025-05-14 11:17:16','2025-05-14 11:17:16',1),(101,5,184,'美味しいビールが沢山飲めて満足です！！','2025-05-14 13:15:47','2025-05-14 13:15:47',1),(102,6,184,'私は出会うことができませんでした、、、\r\n出直してきます、、、','2025-05-14 13:16:23','2025-05-14 13:16:23',1),(103,10,184,'屏風の中の餅が取り出せませんでした。','2025-05-14 13:17:10','2025-05-14 13:17:10',1),(104,39,182,'ベッキーも来るらしいよ。','2025-05-14 13:19:22','2025-05-14 13:19:22',1),(105,39,186,'めいちゃん、こんなところにいたの！？','2025-05-14 13:22:16','2025-05-14 13:22:16',1),(106,11,187,'松坂🐄おいしい','2025-05-14 14:01:37','2025-05-14 14:01:37',1),(107,13,187,'ドミノピザ協賛！！\r\n成功した後はみんなでピザを食べましょう🍕','2025-05-14 14:02:37','2025-05-14 14:02:37',1),(108,14,187,'「自己という幻想を破壊する」というワークの進行が非常に強引で、違和感を覚えました。進行役の方が終始上から目線で、「あなたの人生は嘘でできている」と言われたのは正直ショックでした。自己肯定感を高めるために参加したのに、逆に落ち込む結果になりました。','2025-05-14 14:03:52','2025-05-14 14:03:52',1),(109,5,98,'酩酊気分\r\n','2025-05-14 14:04:56','2025-05-14 14:04:56',1),(110,17,187,'トマトとまどうトマトマト トマトとまどうトマトマト\r\nトマト見参 トマト見参 トマトマン','2025-05-14 14:05:16','2025-05-14 14:05:16',1),(111,18,187,'娘も大喜びです。\r\nまた来たいです。','2025-05-14 14:05:58','2025-05-14 14:05:58',1),(112,23,187,'Amazonより安く手に入りました。','2025-05-14 14:06:28','2025-05-14 14:06:28',1),(113,6,98,'何もできず撃沈。出直してきます。','2025-05-14 14:06:36','2025-05-14 14:06:36',1),(114,26,187,'私の恋はいつ打ちあがるのかしら♡','2025-05-14 14:06:56','2025-05-14 14:06:56',1),(115,29,187,'確変継続～っ','2025-05-14 14:07:43','2025-05-14 14:07:43',1),(116,30,187,'きいち、おめでとう🎊','2025-05-14 14:08:23','2025-05-14 14:08:23',1),(117,31,187,'この世のすべてを理解しました。','2025-05-14 14:08:46','2025-05-14 14:08:46',1),(118,7,98,'ここにいると神になった気分','2025-05-14 14:08:55','2025-05-14 14:08:55',1),(119,38,187,'平野でやるの？\r\n高野でやらない！？','2025-05-14 14:09:17','2025-05-14 14:09:17',1),(120,9,98,'わしが出れば金は取れてた','2025-05-14 14:10:29','2025-05-14 14:10:29',1),(121,14,109,'スーパーマン！！三条！！','2025-05-14 14:11:37','2025-05-14 14:11:37',1),(122,26,109,'スーパーマン！！三条！！','2025-05-14 14:11:55','2025-05-14 14:11:55',1),(123,5,188,'日本酒も飲みたい！！','2025-05-14 14:11:59','2025-05-14 14:11:59',1),(124,39,109,'スーパーマン！！三条！！','2025-05-14 14:12:05','2025-05-14 14:12:05',1),(125,38,109,'スーパーマン！！三条！！','2025-05-14 14:12:13','2025-05-14 14:12:13',1),(126,6,188,'もっといい人を用意してください(怒','2025-05-14 14:12:43','2025-05-14 14:12:43',1),(127,3,109,'スーパーマン！！惨状！！','2025-05-14 14:12:44','2025-05-14 14:12:44',1),(128,5,109,'スーパーマン！！三乗！！','2025-05-14 14:13:03','2025-05-14 14:13:03',1),(129,11,109,'これうまそう！！','2025-05-14 14:13:20','2025-05-14 14:13:20',1),(130,15,109,'スーパーマン！！三錠！！','2025-05-14 14:13:51','2025-05-14 14:13:51',1),(131,30,185,'やっぱり裸が一番','2025-05-14 14:15:10','2025-05-14 14:15:10',1),(132,23,185,'永遠にゴールデンウィークを送りたい。働きたくないでござる','2025-05-14 14:15:48','2025-05-14 14:15:48',1),(133,26,185,'こいのぼりが電柱に引っかかってた','2025-05-14 14:17:30','2025-05-14 14:17:30',1),(134,38,185,'宗教上の理由で参加しません','2025-05-14 14:23:15','2025-05-14 14:23:15',1),(135,31,185,'@&＄＆￥★〇△▫■◆♀♂々〆※★','2025-05-14 14:26:23','2025-05-14 14:26:23',1),(136,39,185,'失望しました。ファン辞めます','2025-05-14 14:30:08','2025-05-14 14:30:08',1),(137,12,188,'うっしっし😁','2025-05-14 14:30:38','2025-05-14 14:30:38',1),(138,13,188,'本当に最長なの？嘘ついてない？？','2025-05-14 14:31:04','2025-05-14 14:31:04',1),(139,17,188,'イタリアに行きたくなりました。','2025-05-14 14:32:06','2025-05-14 14:32:06',1),(140,31,188,'{\\displaystyle G_{\\mu \\nu }+\\Lambda g_{\\mu \\nu }=\\kappa T_{\\mu \\nu }}','2025-05-14 14:34:16','2025-05-14 14:34:16',1),(141,39,181,'芽郁ちゃんがこんなことするはずない！！！！','2025-05-14 14:34:55','2025-05-14 14:34:55',1),(142,39,181,'あｄｓｆ','2025-05-14 14:35:42','2025-05-14 14:35:42',1),(143,38,181,'南無阿弥陀仏南無阿弥陀仏','2025-05-14 14:36:41','2025-05-14 14:36:41',1),(144,17,181,'ピザ食べたい','2025-05-14 14:36:56','2025-05-14 14:36:56',1),(145,17,181,'煮込まれそうになった','2025-05-14 14:37:13','2025-05-14 14:37:13',1),(146,7,188,'ジャック、私空を飛んでいるみたい。','2025-05-14 14:37:25','2025-05-14 14:37:25',1),(147,18,181,'素敵なひな祭りになりました','2025-05-14 14:37:40','2025-05-14 14:37:40',1),(148,13,181,'長すぎて寝ました','2025-05-14 14:38:04','2025-05-14 14:38:04',1),(149,10,188,'南無阿弥陀仏','2025-05-14 14:38:39','2025-05-14 14:38:39',1),(150,11,188,'こんなに新鮮なことある？どーゆーこと？','2025-05-14 14:39:14','2025-05-14 14:39:14',1),(151,6,181,'素敵な縁を結べました💛','2025-05-14 14:39:15','2025-05-14 14:39:15',1),(152,12,181,'さすがに牛一頭食べるのは苦労しました','2025-05-14 14:39:52','2025-05-14 14:39:52',1),(153,14,188,'ここの会社潰れたよ','2025-05-14 14:40:23','2025-05-14 14:40:23',1),(154,38,179,'こいつ嫌い','2025-05-14 14:41:40','2025-05-14 14:41:40',1),(155,39,179,'田中さんはやりそう（偏見）','2025-05-14 14:42:09','2025-05-14 14:42:09',1),(156,23,188,'ゲートウェイ（Gateway）の略らしいよ。','2025-05-14 14:42:12','2025-05-14 14:42:12',1),(157,23,179,'高輪だったか','2025-05-14 14:42:42','2025-05-14 14:42:42',1),(158,29,179,'クラゲに刺されました。ひりひりします','2025-05-14 14:43:26','2025-05-14 14:43:26',1),(159,38,188,'俺は好き♡','2025-05-14 14:43:51','2025-05-14 14:43:51',1),(160,11,179,'霜降り過ぎてもはや油食べてるだけだった','2025-05-14 14:44:04','2025-05-14 14:44:04',1),(161,39,188,'CM契約どうするの？','2025-05-14 14:44:28','2025-05-14 14:44:28',1),(162,5,179,'制御しがたいものを順に挙げると、酒と女と歌だ。','2025-05-14 14:45:08','2025-05-14 14:45:08',1),(163,11,189,'中国産じゃね？','2025-05-14 14:47:31','2025-05-14 14:47:31',1),(164,26,189,'電子ちゃんに電話しなくちゃ','2025-05-14 14:48:40','2025-05-14 14:48:40',1),(165,29,189,'ゴミは持ち帰りましょう','2025-05-14 14:49:05','2025-05-14 14:49:05',1),(166,15,193,'余裕だったな','2025-05-14 14:57:13','2025-05-14 14:57:13',1),(167,5,193,'酒苦手','2025-05-14 14:57:44','2025-05-14 14:57:44',1),(168,6,193,'何の変哲もない壺を高値で売りつけることができました。','2025-05-14 14:59:10','2025-05-14 14:59:10',1),(169,14,179,'この命題は可逆的にもまた正しく','2025-05-14 15:04:24','2025-05-14 15:04:24',1),(170,3,140,'\"><script>alert(0)</script>','2025-05-15 09:59:28','2025-05-15 09:59:28',1),(171,3,140,'aaaa','2025-05-15 10:39:54','2025-05-15 10:39:54',1),(172,3,140,'https://ja.wikipedia.org/wiki/%E3%82%B9%E3%83%91%E3%82%A4%E3%83%80%E3%83%BC%E3%83%9E%E3%83%B3https://ja.wikipedia.org/wiki/%E3%82%B9%E3%83%9','2025-05-15 11:48:34','2025-05-15 11:48:34',1),(173,3,140,'https://ja.wikipedia.org/wiki/%E3%82%B9%E3%83%91%E3%82%A4%E3%83%80%E3%83%BC%E3%83%9E%E3%83%B3https://ja.wikipedia.org/wiki/%E3%82%B9%E3%83%9','2025-05-15 11:53:51','2025-05-15 11:53:51',1),(174,5,140,'https://ja.wikipedia.org/wiki/%E3%82%B9%E3%83%91%E3%82%A4%E3%83%80%E3%83%BC%E3%83%9E%E3%83%B3https://ja.wikipedia.org/wiki/%E3%82%B9%E3%83%9','2025-05-15 11:54:23','2025-05-15 11:54:23',1),(175,7,200,'カミとは何か？\r\nゴミならここにいる','2025-05-15 14:16:28','2025-05-15 14:16:28',1),(176,3,203,'aaaaaaaaaaa','2025-05-15 14:17:32','2025-05-15 14:17:32',1),(177,3,200,'終わったあとに大量のゴミが散乱していた\r\n我々への配慮が行き届いている素晴らしいイベント','2025-05-15 14:17:44','2025-05-15 14:17:44',1),(178,3,202,'お花見in千葉。名は風流だが、内容は「ただの花見」に留まる印象。立地は便利だが、朝9時集合は硬派すぎ。','2025-05-15 14:17:46','2025-05-15 14:17:46',1),(179,3,203,'aaaa','2025-05-15 14:17:46','2025-05-15 14:17:46',1),(180,3,203,'aaaa','2025-05-15 14:17:50','2025-05-15 14:17:50',1),(181,31,204,'虫きらいです','2025-05-15 14:18:04','2025-05-15 14:18:04',1),(182,5,202,'ビアガーデン。語感は軽やかだが、開催地がアンデルセン公園という意外性には賛否あり。景観は文句なしだが、朝9時からビールとは攻めすぎだろう。爽やかな空気とアルコールの共演は、万人向けとは言い難い。趣味人には刺さるが、万人受けはしない。','2025-05-15 14:18:22','2025-05-15 14:18:22',1),(183,3,200,'ゴミだ！','2025-05-15 14:18:23','2025-05-15 14:18:23',1),(184,0,0,'aaaaaa','2025-05-15 14:18:44','2025-05-15 14:18:44',1),(185,6,202,'お見合いイベント。名は真剣だが、場所はららぽーとのフードコートという緩さが気になる。運命よりも唐揚げの匂いが主張してくる。決して悪くはない、が特別感にはやや欠ける。','2025-05-15 14:18:50','2025-05-15 14:18:50',1),(186,7,202,'ースター 復活祭。名前の重みは申し分ないが、会場が“ゴルゴダの丘”という挑戦的すぎるチョイスに賛否は避けられまい。宗教的荘厳さと企画の軽妙さ、そのギャップを楽しめるかは受け手次第。景色でごまかされるな。\r\n','2025-05-15 14:19:20','2025-05-15 14:19:20',1),(187,3,1,'lllll','2025-05-15 14:19:20','2025-05-15 14:19:20',1),(188,9,202,'オリンピック2036。壮大な看板だが、舞台はまさかの中山競馬場。速さを競う点では筋が通っているが、芝生の説得力にはやや難あり。興奮は約束されているが、感動まで届くかは演出力次第。ロゴだけで決めるな。\r\n','2025-05-15 14:19:51','2025-05-15 14:19:51',1),(189,5,206,'<h1>荒らしです荒らしです荒らしです荒らしです荒らしです荒らしです<h1>','2025-05-15 14:20:15','2025-05-15 14:20:15',1),(190,10,202,'法華の光 〜法華経奉読の夕べ〜。タイトルの荘厳さに反し、実態はほぼ座禅と読経のサイレントフェス。立地は鬼子母神堂──由緒正しきがゆえにアクセスは覚悟が要る。空間は広くも狭くもなく、音の反響は悪くないが、エアコンの有無が命運を分ける。精神的ペット可。浄化を求める者には理想郷、だが物','2025-05-15 14:20:16','2025-05-15 14:20:16',1),(191,11,202,'肉フェス。語感は直球、内容もまた然り。成田ゆめ牧場という立地は牧歌的な情緒を醸すが、アクセス面ではやや敷居が高い。広さは充分だが、牛の視線と泥の跳ね返りは想定内。コスパは“食”に振り切った構成ゆえ、住まいとしての汎用性は低い。ペット可否以前に、供される側である点に留意すべきか','2025-05-15 14:20:51','2025-05-15 14:20:51',1),(192,3,212,'アンドロイドに自由を！アンドロイドに自由を！アンドロイドに自由を！アンドロイドに自由を！アンドロイドに自由を！アンドロイドに自由を！アンドロイドに自由を！アンドロイドに自由を！アンドロイドに自由を！アンドロイドに自由を！アンドロイドに自由を！アンドロイドに自由を！アンドロイドに自','2025-05-15 14:22:35','2025-05-15 14:22:35',1),(193,12,202,'牛祭り。名前は力強いが、実態は少々奔放すぎる印象も否めない。会場となるポリテクセンターは立地としてやや場違いで、都市生活者には戸惑いすら覚える距離感。スペースは広大だが、牛との距離感はコントロール不能。コストパフォーマンスは“走ってなんぼ”の精神を共有できる人にのみ成立。','2025-05-15 14:22:56','2025-05-15 14:22:56',1),(194,17,214,'トマトは嫌いなので星１です','2025-05-15 14:23:02','2025-05-15 14:23:02',1),(195,5,212,'アンドロイドに自由を！アンドロイドに自由を！アンドロイドに自由を！アンドロイドに自由を！アンドロイドに自由を！アンドロイドに自由を！アンドロイドに自由を！アンドロイドに自由を！アンドロイドに自由を！アンドロイドに自由を！アンドロイドに自由を！アンドロイドに自由を！アンドロイドに自','2025-05-15 14:23:14','2025-05-15 14:23:14',1),(196,39,211,'嵐','2025-05-15 14:23:16','2025-05-15 14:23:16',1),(197,5,217,'日本酒は最高よ　まるで羽が生えた気分にさせてくれるの','2025-05-15 14:23:53','2025-05-15 14:23:53',1),(198,26,214,'空中浮遊できる人によるワンマンショー','2025-05-15 14:23:57','2025-05-15 14:23:57',1),(199,11,225,'肉肉肉肉肉肉肉肉肉肉肉肉肉肉肉肉肉肉肉肉肉肉肉肉肉肉肉肉肉肉肉肉肉肉肉肉肉肉肉肉肉肉肉肉肉肉肉肉肉肉肉肉肉肉肉肉肉肉肉肉肉肉肉肉肉肉肉肉肉肉肉肉肉肉肉肉肉肉肉肉肉肉肉肉肉肉肉肉肉肉肉肉肉肉肉肉肉肉肉肉肉肉肉肉肉肉肉肉肉肉肉肉肉肉肉肉肉肉肉肉肉肉肉肉肉肉肉肉肉肉肉肉肉肉肉肉肉肉肉肉','2025-05-15 14:24:03','2025-05-15 14:24:03',1),(200,13,202,'世界最長！ドミノ倒し！。名前は壮大だが、そのスケール感は立地の広大さに頼りきり。東京湾アクアブリッジを舞台に、千葉から川崎区まで延々と続くものの、交通アクセスはもとより日常生活の便とは無縁。間取りならぬ間隔は広大すぎて統制は難しい。','2025-05-15 14:24:07','2025-05-15 14:24:07',1),(201,3,226,'今日誕生日です','2025-05-15 14:24:16','2025-05-15 14:24:16',1),(202,17,213,'私は輪切りにされそうになりました','2025-05-15 14:24:48','2025-05-15 14:24:48',1),(203,14,202,'自己啓発セミナー。名前は壮大だが、内容は鏡に向かい「ありがとう」を唱えるだけの都市型精神トレーニング。駅からのアクセスは今一つで、非売品ペンダントが唯一の見どころか。価格対コスパはやや疑問、理想的とは言い難いが、特別でもない。','2025-05-15 14:24:49','2025-05-15 14:24:49',1),(204,5,214,'タワマンをゆうに超える高さのビールジョッキ\r\nそれを参加者で飲みまわすのって衛生的にどうなの？','2025-05-15 14:24:57','2025-05-15 14:24:57',1),(205,15,217,'大変だったんやろなぁ...','2025-05-15 14:25:03','2025-05-15 14:25:03',1),(206,9,209,'船橋でまってます','2025-05-15 14:25:10','2025-05-15 14:25:10',1),(207,3,236,'a        aaaaaa???????????！！！！！！！！！！！！！！”””””””””””あああああああああああああああああああ\r\n\r\n　　　　　　　　　　　　＜？＜？','2025-05-15 14:25:12','2025-05-15 14:25:12',1),(208,15,232,'納期に追われ、地獄のデスマーチ（定時上がり）を乗り越えたR7,1月生24名。飛び交う教師からの怒号、泣き叫ぶ1月生、阿鼻叫喚の中一人の教師が言った。 「仕様変更だ。」その瞬間、24名の時が一斉に止まった…\r\n\r\n\r\nそして時は動き始める…','2025-05-15 14:25:13','2025-05-15 14:25:13',1),(209,15,233,'何があったんですか！！？？','2025-05-15 14:25:43','2025-05-15 14:25:43',1),(210,29,214,'海から呼ばれました。','2025-05-15 14:25:47','2025-05-15 14:25:47',1),(211,3,235,'バルス！','2025-05-15 14:25:47','2025-05-15 14:25:47',1),(212,15,202,'一次リリース。名前は壮大だが、その実態は終わりなきデスマーチの象徴。ポリテクセンター千葉は立地にやや難あり、通勤には気合が必要。スケジュールの厳しさと仕様変更の連鎖は、精神的コスパが疑問視される。設備は最低限でペット不可、癒やしの余地は乏しい。理想的とは言い難く、むしろ覚悟が必要','2025-05-15 14:25:50','2025-05-15 14:25:50',1),(213,3,216,':','2025-05-15 14:25:54','2025-05-15 14:25:54',1),(214,17,208,'トマト','2025-05-15 14:26:00','2025-05-15 14:26:00',1),(215,3,236,'あああああああああああああああああああ　　　　　　　　　いいいいいい\r\n\r\n\r\n\r\n\r\n\r\n\r\n\r\n\r\n\r\n\r\n\r\n\r\n\r\n\r\n\r\n\r\n\r\n\r\n\r\n\r\n\r\n\r\n\r\n\r\n\r\n\r\n\r\n\r\n\r\n\r\nあああああああああああああああ','2025-05-15 14:26:00','2025-05-15 14:26:00',1),(216,6,212,'開けろ！デトロイト市警だ！','2025-05-15 14:26:01','2025-05-15 14:26:01',1),(217,6,205,'お見合いイベントをやっているのを見かけました。\r\nららぽーと南船橋には大きいピカチュウの像があります。\r\nインバウンドの観光客がいないので、ここのポケモンセンターはおすすめです。','2025-05-15 14:26:05','2025-05-15 14:26:05',1),(218,40,232,'ネギだけじゃ足りない！！！納豆が必要だ！','2025-05-15 14:26:11','2025-05-15 14:26:11',1),(219,39,229,'インスタライブから来ました','2025-05-15 14:26:15','2025-05-15 14:26:15',1),(220,15,214,'ねこはいます','2025-05-15 14:26:16','2025-05-15 14:26:16',1),(221,11,221,'肉、うまい、たべる','2025-05-15 14:26:17','2025-05-15 14:26:17',1),(222,5,230,'お酒は飲めません','2025-05-15 14:26:17','2025-05-15 14:26:17',1),(223,3,240,'2025年まだここ見てる人いる？','2025-05-15 14:26:17','2025-05-15 14:26:17',1),(224,11,238,'お肉食べたい。','2025-05-15 14:26:19','2025-05-15 14:26:19',1),(225,7,224,'遠すぎない？','2025-05-15 14:26:23','2025-05-15 14:26:23',1),(226,29,227,'海行きたい','2025-05-15 14:26:29','2025-05-15 14:26:29',1),(227,3,235,'わたしはムスカだ!!  wwwwwwwwwwwwwwwwwwwwwwwwwwwwwwwwwwwwwwwwwwwwwwwwwwwwwwwwwwwwwwwwwwwwwwwwwwwwwwwwwwwwwwwwwwwwwwwwwwwwwwwwwwwwwwwwwwwwwwwwwwwwwwww','2025-05-15 14:26:32','2025-05-15 14:26:32',1),(228,15,212,'アンドロイドに自由を！アンドロイドに自由を！アンドロイドに自由を！アンドロイドに自由を！アンドロイドに自由を！アンドロイドに自由を！アンドロイドに自由を！アンドロイドに自由を！アンドロイドに自由を！アンドロイドに自由を！アンドロイドに自由を！アンドロイドに自由を！アンドロイドに自','2025-05-15 14:26:32','2025-05-15 14:26:32',1),(229,17,239,'とまとおいしー','2025-05-15 14:26:39','2025-05-15 14:26:39',1),(230,3,234,'https://ja.wikipedia.org/wiki/%E3%82%B9%E3%83%91%E3%82%A4%E3%83%80%E3%83%BC%E3%83%9E%E3%83%B3https://ja.wikipedia.org/wiki/%E3%82%B9%E3%83%9','2025-05-15 14:26:45','2025-05-15 14:26:45',1),(231,17,202,'トマト祭り。名前はインパクト大だが、千葉公園の立地は都心からやや距離感あり。トマトをぶつけ合うというシンプルな間取りは潔いが、コスパは参加者の心意気次第。設備的な魅力は薄く、ペット不可もやや減点材料。理想的とは言い難いが、非日常の刺激を求める人には悪くない選択肢かもしれない。','2025-05-15 14:26:48','2025-05-15 14:26:48',1),(232,3,236,'あああああ\r\n\r\n\r\n\r\n\r\n\r\n\r\n\r\n\r\n\r\n\r\nいいいいいいいいいいいいいいい','2025-05-15 14:26:50','2025-05-15 14:26:50',1),(233,5,218,'青空の下のビールは最高です！','2025-05-15 14:26:57','2025-05-15 14:26:57',1),(234,3,228,'前日からの待機者が多く哀愁の漂う寝袋が多くみられました','2025-05-15 14:27:05','2025-05-15 14:27:05',1),(235,11,210,'世界はこんなにも肉肉しい','2025-05-15 14:27:09','2025-05-15 14:27:09',1),(236,3,234,'https://ja.wikipedia.org/wiki/%E3%82%B9%E3%83%91%E3%82%A4%E3%83%80%E3%83%BC%E3%83%9E%E3%83%B3https://ja.wikipedia.org/wiki/%E3%82%B9%E3%83%9','2025-05-15 14:27:17','2025-05-15 14:27:17',1),(237,18,202,'ひな祭り。名前からは伝統的な雰囲気を期待させるが、裸での開催というコンセプトは明らかに異色。ポリテク千葉の立地は悪くないが、参加の敷居は高い。コスパはともかく、設備も特筆なし。ペット不可は当然の結果か。理想的な行事とは言い難く、心構え次第で評価が大きく変わるだろう。','2025-05-15 14:27:23','2025-05-15 14:27:23',1),(238,15,241,'参加しました！','2025-05-15 14:27:24','2025-05-15 14:27:24',1),(239,14,237,'<a href=\"https://www.amazon.co.jp/ref=as_li_ss_tl?ie=UTF8&linkCode=ll2&tag=jajp-edge-ntp-topsites-22\" >','2025-05-15 14:27:29','2025-05-15 14:27:29',1),(240,39,219,'え、ちょっとまって；；','2025-05-15 14:27:33','2025-05-15 14:27:33',1),(241,10,214,'あかしけやなげひいろのとりよ\r\nくさはみねはみけをのばせ','2025-05-15 14:27:34','2025-05-15 14:27:34',1),(242,5,228,'酒!!飲まずにおはいられない!!','2025-05-15 14:27:39','2025-05-15 14:27:39',1),(243,38,233,'みなさん仲が悪いんですか？？？？？？？？？？？？？？？？？？？？？？？？？？？？？？？？？？？？？？？？？？？？？？？？？？？？？？？？？？？？？？？？？？？？？？？？？？？？？？？？？？？？？？？？？？','2025-05-15 14:27:53','2025-05-15 14:27:53',1),(244,30,209,'おめでとうございます！','2025-05-15 14:28:11','2025-05-15 14:28:11',1),(245,23,202,'GWスペシャルセール。名前だけで期待値は上がるが、内容は「安いよ安いよ」の連呼で価格以外の魅力は薄い印象。千葉駅の好立地はプラスも、具体的な利便性や品揃えの質に乏しく、コスパは微妙。特別感はなく、値段だけに釣られる人向けの一過性イベントと言えそうだ。','2025-05-15 14:28:14','2025-05-15 14:28:14',1),(246,40,242,'&lt;script&gt;alert(XSS攻撃を受けている)&lt;/script&gt;','2025-05-15 14:28:18','2025-05-15 14:28:18',1),(247,3,235,'この壺はいいものだ・・・','2025-05-15 14:28:25','2025-05-15 14:28:25',1),(248,3,242,'&lt;script&gt;alert(XSS攻撃を受けている)&lt;/script&gt;','2025-05-15 14:29:02','2025-05-15 14:29:02',1),(249,7,214,'R2D2つるし上げショー','2025-05-15 14:29:03','2025-05-15 14:29:03',1),(250,41,229,'apple','2025-05-15 14:29:06','2025-05-15 14:29:06',1),(251,26,202,'こいのぼりまつり。名前からして伝統美を期待させるが、「こいをのぼります」という謎のキャッチコピーは一体何を示すのか疑問符。こいのぼり公園という立地は悪くないが、アクセスはやや不便。イベント自体は家族連れ向けの平凡な構成で、特筆すべき設備もなく、物足りなさは否めない。','2025-05-15 14:29:13','2025-05-15 14:29:13',1),(252,5,242,'&lt;script&gt;alert(XSS攻撃を受けている)&lt;/script&gt;','2025-05-15 14:29:19','2025-05-15 14:29:19',1),(253,42,242,'&lt;script&gt;alert(XSS攻撃を受けている)&lt;/script&gt;','2025-05-15 14:29:27','2025-05-15 14:29:27',1),(254,11,219,'きょうはこれでいいや','2025-05-15 14:29:30','2025-05-15 14:29:30',1),(255,29,202,'海祭り。名前の通り南房総国定公園という恵まれたロケーションは確かに魅力的だが、単に「海水浴を楽しもう」というコンセプトはやや味気ない。館山の美しい自然は見どころだが、特別な設備や企画が不足気味で、コスパは悪くないものの目新しさには欠ける。','2025-05-15 14:29:36','2025-05-15 14:29:36',1),(256,14,237,'<input type=\"button\" value=\"確認する\" id=\"button2\">','2025-05-15 14:29:46','2025-05-15 14:29:46',1),(257,7,231,'賢神キルヒア様以外は神にあらず。','2025-05-15 14:29:56','2025-05-15 14:29:56',1),(258,3,243,'先代は権力者によって倒されてしまった。\r\nこれからは私がゴミキングだ！','2025-05-15 14:29:58','2025-05-15 14:29:58',1),(259,30,202,'誕生日ハッピーバースデー。名前は祝祭らしく賑やかだが、立地の「千葉」というだけでは魅力が限定的。アクセスは悪くないものの周辺環境に特筆すべき点は薄い。内容も「こんにちは」と一言のみでやや寂しく、設備面の情報も不足気味。','2025-05-15 14:30:07','2025-05-15 14:30:07',1),(260,31,202,'模擬宇宙疑似体験会。名前だけで期待値は高いが、場所が「宇宙ステーションヘルタ」と謳う割にはアクセスも利便性も未知数。設備は最新鋭のはずだが、詳細が乏しく、体験内容の充実度も不明瞭。ペット不可は言わずもがな。価格に見合うかは参加者の好奇心次第で、理想的だが決め手に欠ける','2025-05-15 14:30:35','2025-05-15 14:30:35',1),(261,38,202,'平野まつり。名前は素朴ながらも駅直結という好立地が魅力的だが、周辺環境は特段の特徴に乏しく、賑わいの持続性に疑問符がつく。規模感は控えめで設備も過度な期待は禁物。ペット可なら評価は上がるが、その辺の情報も曖昧。全体として悪くはないが、特別感に欠け、地味な魅力に甘んじている印象だ','2025-05-15 14:31:11','2025-05-15 14:31:11',1),(262,39,202,'センテンススプリング！！。名前の勢いは悪くないが、場所はポリテクセンター千葉という渋い選択。アクセスは悪くないものの、華やかさに欠ける。内容は永野芽郁＆田中圭の親密LINE暴露が売りだが、それだけに頼る感は否めず。コスパはイベントのテーマ次第で評価が分かれそう。','2025-05-15 14:31:35','2025-05-15 14:31:35',1),(263,40,202,'ねぎ星人。名前だけで既に強烈な個性を放つが、開催場所はあえて「部屋」という謎設定。アクセスは論外、利便性も無意味だが、それが逆にコスパの良さを演出。内容は「ねぎだけでじゅうぶん」と豪語する潔さが光るが、広がりや深みには乏しい。','2025-05-15 14:32:03','2025-05-15 14:32:03',1),(264,41,202,'アンドロイドに自由を！アンドロイドに自由を！アンドロイドに自由を！アンドロイドに自由を！アンドロイド。名前の反復が挑発的だが、開催場所も同様の自己主張で支配される。利便性は未知数、むしろ混沌。内容は強烈なメッセージの繰り返しが主役で、深みや具体性は控えめ。設備やペットの話題は皆無','2025-05-15 14:32:38','2025-05-15 14:32:38',1),(265,42,213,'(/・ω・)/ﾜｯｼｮｲ','2025-05-15 14:35:10','2025-05-15 14:35:10',1),(266,69,174,'f5test','2025-05-15 14:37:03','2025-05-15 14:37:03',1);
/*!40000 ALTER TABLE `reviewinfo` ENABLE KEYS */;
UNLOCK TABLES;

--
-- Table structure for table `useraccount`
--

DROP TABLE IF EXISTS `useraccount`;
/*!40101 SET @saved_cs_client     = @@character_set_client */;
/*!50503 SET character_set_client = utf8mb4 */;
CREATE TABLE `useraccount` (
  `usercode` int NOT NULL AUTO_INCREMENT,
  `loginid` varchar(16) NOT NULL,
  `password` varchar(16) NOT NULL,
  `username` varchar(16) NOT NULL,
  `createdate` datetime NOT NULL DEFAULT CURRENT_TIMESTAMP,
  `accountstatusflag` tinyint(1) NOT NULL,
  PRIMARY KEY (`usercode`),
  UNIQUE KEY `usercode` (`usercode`),
  UNIQUE KEY `loginid` (`loginid`),
  UNIQUE KEY `username` (`username`)
) ENGINE=InnoDB AUTO_INCREMENT=248 DEFAULT CHARSET=utf8mb4 COLLATE=utf8mb4_0900_ai_ci;
/*!40101 SET character_set_client = @saved_cs_client */;

--
-- Dumping data for table `useraccount`
--

LOCK TABLES `useraccount` WRITE;
/*!40000 ALTER TABLE `useraccount` DISABLE KEYS */;
INSERT INTO `useraccount` VALUES (35,'kumakuma','password','くま','2025-04-22 16:17:29',1),(37,'user0428','password','鈴木','2025-04-23 10:10:35',1),(97,'hashimoto','hashimoto','橋本先生','2025-04-24 15:13:06',1),(98,'useruser','password','ハイパーアベノミクス','2025-04-24 15:50:05',1),(99,'ootasensei','password','太田','2025-04-25 09:49:54',1),(102,'sagawasan','password','佐川さん','2025-04-25 10:01:16',1),(109,'superman','password','スーパーマン','2025-04-25 11:30:00',1),(114,'koyasudesu','password','<h3>hello</h3>','2025-04-25 12:39:06',1),(140,'CasvalRemDeikun','password','赤い彗星','2025-04-28 10:30:09',1),(174,'koyasutaito','password','鏡の中の私','2025-05-13 11:07:01',1),(177,'SilverWolf','password','銀狼','2025-05-13 11:07:44',1),(179,'sugoisugoi','sugoisugoi','<●><●>見ています!','2025-05-13 11:14:13',1),(181,'f5testman','password','f5絶対通したいマン','2025-05-13 11:31:27',1),(182,'user0514','password','ロドリゲス','2025-05-14 10:41:10',1),(183,'testtest','password','testです','2025-05-14 10:54:29',1),(184,'user0511','password','あべ','2025-05-14 13:15:05',1),(185,'user0502','password','まさこ','2025-05-14 13:20:23',1),(186,'user0503','password','かんたのおばあちゃん','2025-05-14 13:21:50',1),(187,'user0505','password','青木','2025-05-14 13:23:20',1),(188,'user0506','password','マスクマン','2025-05-14 14:11:23',1),(189,'user0507','password','メガネ太郎','2025-05-14 14:44:51',1),(190,'hiranodesu','password','hirano','2025-05-14 14:51:35',1),(191,'adachidesu','password','adashi','2025-05-14 14:53:23',1),(192,'usertest','password','test','2025-05-14 14:55:27',1),(193,'password','password','password','2025-05-14 14:56:25',1),(194,'user0001','password','uunko','2025-05-14 14:58:10',0),(195,'usertest1','password','test1','2025-05-14 14:59:28',1),(196,'admirefuji','password','admirefuji','2025-05-14 15:03:48',1),(197,'passcode','passcode','passcode','2025-05-15 09:52:30',0),(198,'kuma0001','password','🐻','2025-05-15 13:42:33',1),(199,'test0004','test0004','イベントマニア','2025-05-15 14:15:11',1),(200,'trashking','password','ゴミキング','2025-05-15 14:15:17',0),(201,'hogehoge','hogehoge','hoge','2025-05-15 14:15:19',1),(202,'test00044','test00044','マイホーム探究者','2025-05-15 14:16:28',1),(203,'','','','2025-05-15 14:16:50',1),(204,'user0107','password','かいたくしゃ','2025-05-15 14:17:05',1),(205,'user0105','password','やどんはどんかん','2025-05-15 14:17:55',1),(206,'superstorm','password','荒らしです','2025-05-15 14:19:22',1),(207,'user0114','password','おすし','2025-05-15 14:21:36',1),(208,'user0110','password','user0110','2025-05-15 14:21:49',0),(209,'user0405','user0405','nikku','2025-05-15 14:21:52',1),(210,'user0408','password','user0408','2025-05-15 14:22:11',1),(212,'android1111','11111111','アンドロイド','2025-05-15 14:22:15',1),(213,'user0117','user0117','おしょう','2025-05-15 14:22:20',1),(214,'user0416','user0416','spalow','2025-05-15 14:22:22',1),(215,'user0420','password','user0420','2025-05-15 14:22:22',1),(216,'user0414','password','a','2025-05-15 14:22:24',1),(217,'user0423','password','user0423','2025-05-15 14:22:33',1),(218,'user0120','password','user0120','2025-05-15 14:22:35',1),(219,'user0410','password','user0410','2025-05-15 14:22:35',1),(220,'user0119','password','user0119','2025-05-15 14:22:39',1),(221,'user0409','password','user0409','2025-05-15 14:22:56',0),(222,'usser0406','password','usser0406','2025-05-15 14:22:57',1),(223,'admin0401','password','aaaaa','2025-05-15 14:23:14',1),(224,'user0422','password','user0422','2025-05-15 14:23:15',1),(225,'user0418','user0418','user0418','2025-05-15 14:23:21',0),(226,'user9999','user9999','ハッピーバースデー','2025-05-15 14:23:23',1),(227,'user0419','password','user0419','2025-05-15 14:23:47',1),(228,'user0411','password','555','2025-05-15 14:23:47',1),(229,'user0404','password','user0404','2025-05-15 14:23:48',1),(230,'user0424','password','dog','2025-05-15 14:23:50',1),(231,'user0412','password','一般通過賢神狂神官','2025-05-15 14:23:55',1),(232,'user0415','password','user0415','2025-05-15 14:24:08',1),(233,'user0402','password','user0402','2025-05-15 14:24:20',1),(234,'user0123','password','user0123','2025-05-15 14:24:30',1),(235,'9999999999999999','9999999999999999',':;:;:;:;:;:;]:;]','2025-05-15 14:24:39',1),(236,'user0403','password','user0403','2025-05-15 14:24:44',1),(237,'user0417','password','user0417','2025-05-15 14:24:57',1),(238,'user0406','aaaaaaaa','user0406','2025-05-15 14:25:03',0),(239,'admin0401a','passworda','user0401','2025-05-15 14:25:27',1),(240,'user12345','user12345','たかし20120402','2025-05-15 14:25:27',1),(241,'user0413','user0413','user0413','2025-05-15 14:25:54',1),(242,'sawamoto','sawamoto','<●><●>','2025-05-15 14:26:16',1),(243,'trashking2','password','ゴミキング2世','2025-05-15 14:29:14',1),(244,'zxczxczxc','zxczxczxc','zxczxczxc','2025-05-15 14:30:45',1),(245,'88888888','88888888','<h1>おおきい</h1>','2025-05-15 14:36:48',1),(246,'trashking3','password','ゴミキング3世','2025-05-15 14:38:36',1);
/*!40000 ALTER TABLE `useraccount` ENABLE KEYS */;
UNLOCK TABLES;
/*!40103 SET TIME_ZONE=@OLD_TIME_ZONE */;

/*!40101 SET SQL_MODE=@OLD_SQL_MODE */;
/*!40014 SET FOREIGN_KEY_CHECKS=@OLD_FOREIGN_KEY_CHECKS */;
/*!40014 SET UNIQUE_CHECKS=@OLD_UNIQUE_CHECKS */;
/*!40101 SET CHARACTER_SET_CLIENT=@OLD_CHARACTER_SET_CLIENT */;
/*!40101 SET CHARACTER_SET_RESULTS=@OLD_CHARACTER_SET_RESULTS */;
/*!40101 SET COLLATION_CONNECTION=@OLD_COLLATION_CONNECTION */;
/*!40111 SET SQL_NOTES=@OLD_SQL_NOTES */;

-- Dump completed on 2025-05-30 16:10:35
